CA,cred,OP,OF
0.7617511520737328,0.5114895763716442,0.48163940917039694,0.008027377625176874
