CA,cred,OP,OF
0.9536493324315994,0.5055031991987708,0.501204532511673,0.00021624742530877155
