conf_level,emp_conf,acds,pis,N
99.9%,0.9989559923630648,0.999621817074256,0.5424445086804801,3.433582502219064
99%,0.9902722845269961,0.9939828128918627,0.1565921952580557,1.2731766805928904
95%,0.9501644683043657,0.9631132342774184,0.0023690912411163255,0.9888699480277434
