conf_level,emp_conf,acds,pis
99%,0.9898848971049878,NaN,1.0
95%,0.9476805022671783,NaN,1.0
90%,0.8993721660272062,1.0,0.9987792117195675
