CA,cred,OP,OF,N99,N95,N90
0.2689222183467039,0.7812708430667153,0.4928390242966165,0.031767461324909395,53.97384025113359,26.901116149284967,17.056853854203
