,CA,Cred,OP,OF,Conf99,N99,PIS99,ACDS99,Conf999,N999,PIS999,ACDS999,Conf95,N95,PIS95,ACDS95
0,0.1654501216545012,0.8739724249797236,0.4745109489051097,19.322783454987828,0.9927007299270073,72.22384428223845,1.0,-1.0,0.9951338199513382,72.79805352798054,1.0,-1.0,0.9391727493917275,62.39902676399027,1.0,-1.0
1,0.09880239520958084,0.9307919372522564,0.5123640043855953,21.25007168761069,0.9970059880239521,58.15568862275449,1.0,-1.0,1.0,59.622754491017965,1.0,-1.0,0.9461077844311377,53.89221556886228,1.0,-1.0
2,0.1044776119402985,0.9117055173570374,0.4856615797417405,18.661453966124423,0.9701492537313433,57.71268656716418,1.0,-1.0,0.9925373134328358,59.01865671641791,1.0,-1.0,0.9328358208955224,52.6865671641791,1.0,-1.0
3,0.1308139534883721,0.9045178784814788,0.5107431749241658,15.663273278794026,0.9912790697674418,59.48255813953488,1.0,-1.0,1.0,61.627906976744185,1.0,-1.0,0.9418604651162791,49.781976744186046,1.0,-1.0
4,0.14430379746835442,0.8673582232783466,0.4598638212310925,18.69525202211763,0.9924050632911392,61.43037974683544,1.0,-1.0,1.0,62.75949367088607,1.0,-1.0,0.9417721518987342,54.5367088607595,1.0,-1.0
