,CA,Cred,OP,OF,Conf99,N99,PIS99,ACDS99,Conf999,N999,PIS999,ACDS999,Conf95,N95,PIS95,ACDS95
0,0.9794092550614965,0.4978057557724039,0.4965961166135503,0.00911741779473598,0.989864078674056,1.0359411495996484,0.03201951337234859,0.9908644085906614,0.9988881514872051,2.4371288451427735,0.36764262258345326,0.9990186457311089,0.9493634882738767,0.9561207691578394,0.0,-1.0
1,0.9791764236526687,0.4982315165983674,0.4971346854363057,0.014176102408056033,0.9907200222025637,1.044535220551248,0.038334113892213494,0.9920816724085063,0.9991153666024873,2.980390626355137,0.33585714037917813,0.9993862386878567,0.9494804947008725,0.9560892265528785,0.0,-1.0
2,0.9795877803223437,0.5031690491271547,0.5020987158165481,0.01032108492544,0.9904420343084301,1.0378429762779242,0.033392386466750204,0.9913992722461131,0.9990407466620577,2.0515231387460573,0.2947673162511342,0.9992892679459844,0.9510003024672687,0.9576113727693039,0.0,-1.0
3,0.9797818018995462,0.5005393645094579,0.4992126627183226,0.012956735648507387,0.9903300526120913,1.0410735966521143,0.03651847450767654,0.9914649840918028,0.9990614209570062,2.5857163769126776,0.4841862347480905,0.9991820109176502,0.9505825217638397,0.957652002445472,0.0,-1.0
4,0.9795071046048842,0.5005782146495538,0.49933736171319165,0.01057660558941048,0.9897879363551185,1.038879767563804,0.033601815477981314,0.990953888849356,0.9987621741036508,2.8406728959108767,0.29746503571643473,0.9988743148003132,0.9495585947237671,0.9564611932985482,0.0,-1.0
